{
  "scheme": "E4",
  "kernel": "tension",
  "method": "NSGA-II",
  "objective_fields": [
    "layer1.boundary_gv_err",
    "layer_bl42.max_spectral_abscissa"
  ],
  "bounds": [
    [
      0.5,
      20.0
    ]
  ],
  "pop_size": 20,
  "n_gen": 20,
  "n_evals": 400,
  "seed": 1,
  "compute_time": 173.1410307859769,
  "ref_point": [
    1.0,
    1.5688770092172577
  ],
  "hv_trace": [
    0.6044833371426154,
    0.879546855877444,
    0.8932481036733455,
    0.895682527728761,
    0.8957863007310408,
    0.8957863007310408,
    0.8957889450257549,
    0.8958080190469732,
    0.8958088954163491,
    0.895809241760135,
    0.89580931224921,
    0.895809378800064,
    0.895809378800064,
    0.8958093836592096,
    0.8958093843602709,
    0.8958093848895227,
    0.8958093850235985,
    0.8958093850263655,
    0.8958093850287647,
    0.8958093850300146
  ],
  "front": [
    {
      "x": [
        0.5000000000020522
      ],
      "params": {
        "sigma": 0.5000000000020522
      },
      "objectives": [
        0.02212388232306073,
        0.6528004542870524
      ],
      "report": {
        "overall_verdict": "fail",
        "failed_layer": 3,
        "failed_reason": "BL42 max_spectral_abscissa=6.5280e-01 > BL42_TOL=1e-10",
        "layer1": {
          "interior_gv_err_x": 0.00013016508525931503,
          "interior_gv_err_y": 0.00013016508525931503,
          "boundary_gv_err": 0.02212388232306073,
          "cutoff_fraction": 0.6243152382645119
        },
        "layer2": {
          "is_stable": true
        },
        "layer3": {
          "max_stab_eig": -0.0006930106290565387
        },
        "layer_bl42": {
          "max_spectral_abscissa": 0.6528004542870747,
          "purely_imaginary": 0.0
        }
      }
    }
  ],
  "extras": {
    "n_sentinel_filtered": 0,
    "hv_n_nds": [
      2,
      1,
      1,
      1,
      1,
      1,
      1,
      1,
      1,
      1,
      1,
      1,
      1,
      1,
      1,
      1,
      1,
      1,
      1,
      1
    ]
  }
}
